,height,width,NumContours,NumEdges,m00,m10,m01,m20,m11,m02,m30,m21,m12,m03,mu20,mu11,mu02,mu30,mu21,mu12,mu03,nu20,nu11,nu02,nu30,nu21,nu12,nu03,area,perimeter,aspectRatio,rectangularity,circularity,equiDiameter,x,y,MA,ma,angle,redMean,greenMean,blueMean,redVar,greenVar,blueVar,contrast,correlation,inverseDifferenceMoments,entropy
0,4128,2322,1,2498,2236178.0,2583694530.833333,5114114478.333333,3275188592654.1665,5916773534808.666,12277700373646.332,4455200849674140.0,7532902258092856.0,1.4220314369525448e+16,3.0665049584210708e+16,289971213421.35205,7892574650.129883,581776839160.877,957524357463.5,24343724344508.5,-1520550225800.375,-74950520488724.0,0.0579885360592971,0.0015783596043884047,0.11634391848104816,0.00012805127413951874,0.003255525455115496,-0.0002033456301024625,-0.010023253791083911,2236178.0,6847.671806693077,0.6153846153846154,1.6966556329594513,20.969086169428028,1687.3619228448847,1157.153564453125,2243.340576171875,1417.6474609375,2202.6787109375,179.28070068359375,11.55184546701921,15.943313014542396,6.713951881731199,25.344505388253065,31.70918387081496,19.26610455436888,39.274653140023325,0.9973994590280151,0.8864741116848972,2.878951648149191
1,4128,2322,1,2925,2594800.5,3133410834.833333,6165473451.0,4138335397614.75,7425036251619.875,15505093790022.582,5857320209493862.0,9820586535250884.0,1.861247566690406e+16,4.079642626834752e+16,354513304220.3154,-20222570104.82422,855388398418.9316,3777083487307.0,36379315937488.375,-14954626322423.25,-109991407747368.0,0.05265317837234914,-0.003003505307701869,0.12704436584867976,0.00034825443196768085,0.0033542435717288824,-0.001378845586205898,-0.01014142137845517,2594800.5,7473.855568885803,0.6097375427919361,1.6241275581687302,21.527095075157156,1817.636544334035,1209.3702392578125,2361.385986328125,1479.0516357421875,2432.581787109375,0.829477846622467,13.946770109301658,18.806970129833278,8.068657712043214,27.140211279035295,33.64369305992277,20.45157474942796,42.43954039656793,0.9973992175016433,0.8807368883839561,3.270359238487105
2,4128,2322,1,2988,3151898.5,3598726251.333333,7402215961.166666,4696489807744.583,8457655667658.708,18498912966641.082,6711117856793226.0,1.1098219613661478e+16,2.1138318606759976e+16,4.8541303828977864e+16,587591430453.6694,6067236911.625,1114850270538.8574,7049635080465.0,54684910422345.0,-11583812368267.25,-139728812045016.0,0.059146766380872726,0.000610726136547335,0.11222047341688349,0.0003997017758158664,0.0031005371989696134,-0.0006567815669132215,-0.007922375225037947,3151898.5,7681.575474739075,0.6641025641025641,1.5703202371523068,18.720971431698338,2003.2777668589652,1132.4039306640625,2322.34423828125,1705.607666015625,2462.49609375,178.0611114501953,19.744521250225347,27.31198347538543,10.456285283503261,32.13291329632512,41.210213262919595,22.38556361961121,44.2590051137914,0.9973011968323718,0.8389471662305503,3.8050495728220755
3,4128,2322,1,3505,3549808.5,4204679326.0,8122546577.333333,5768401975280.583,9614394741438.041,19962565875198.914,8685216934851597.0,1.3288839850376106e+16,2.36390776360086e+16,5.172736362172168e+16,788040855943.6348,-6604157005.501953,1376841349228.164,-14181559342926.0,105430943629516.0,24028293600537.0,-251154966477264.0,0.06253726502222892,-0.0005240920109490186,0.10926323388035555,-0.0005973263511530381,0.004440744443822693,0.001012070153484359,-0.010578630746601285,3549808.5,8476.403908371925,0.7030324154757756,1.6301648384694554,20.240365985337757,2125.9719091363863,1179.6712646484375,2268.12451171875,1854.098876953125,2697.734375,0.5981131792068481,25.47652019526738,31.35176901595123,19.960896029886026,36.44538490931049,43.50921371240588,30.806465043048547,52.45283420726175,0.9967629603675507,0.8105293135752971,4.494938082679884
4,4128,2322,1,3232,3100287.0,3662832970.1666665,7202517229.5,4793595936943.666,8434406972312.5,18082324311268.0,6751497482264442.0,1.1015533871533404e+16,2.1039320086796204e+16,4.8047605851235576e+16,466143231003.87305,-75004439084.59766,1349597811674.7832,-13344235349520.0,56387230489492.75,24461741434277.5,-231555202009088.0,0.048497079220234406,-0.007803387418758325,0.1404108171801451,-0.0007884768464450026,0.0033317776936332283,0.0014453819375529794,-0.013682006550088955,3100287.0,7855.617108941078,0.5431522825724758,1.5777990876328547,19.90484112028589,1986.8084981769994,1188.9429931640625,2314.81298828125,1521.1842041015625,2742.088623046875,6.272704124450684,22.39407625242874,26.327006298032302,15.390337160894443,36.367018148575355,41.213422861890606,28.51056405204941,45.663364075129415,0.9971182474131208,0.8466273970003926,3.986210599984622
5,4128,2322,1,3538,3628176.5,4343172564.5,8537755938.0,5901245555751.75,10176729854736.791,21775729398392.914,8762282855380916.0,1.387587799684024e+16,2.5804171632926572e+16,5.886635906615611e+16,702174362543.3965,-43541224224.93164,1684844498814.7734,16992584109363.0,93422765056811.25,-57927910391623.0,-305361279900712.0,0.05334186016870723,-0.0033076825615903764,0.1279920550449303,0.0006777014473667342,0.003725904352659211,-0.0023102918580642554,-0.012178476212128553,3628176.5,8527.967390418053,0.5984481086323957,1.5779670586588057,20.044842860327687,2149.3110047358937,1200.1815185546875,2325.89404296875,1737.32080078125,2848.555908203125,2.0447211265563965,27.48214083021186,32.94809360581963,19.294288621143227,39.0060101511449,45.29162876997833,30.404611467710296,50.3980271115893,0.9968678654919695,0.8086407632392205,4.6368501357750365
6,4128,2322,1,3385,3641209.0,4373121857.333333,8546018995.333333,6045350777583.5,10148145398351.5,21577059540837.5,9140012069660270.0,1.3987463847372804e+16,2.5404273487553824e+16,5.751672687624226e+16,793195578833.1562,-115693469913.9707,1519314800396.0312,-25772554778576.0,76754713505814.75,33119699903194.5,-256981523244480.0,0.05982587645956353,-0.008726048685789925,0.11459259478651035,-0.0010186933065945412,0.003033828565686156,0.0013090986476765678,-0.010157524540998787,3641209.0,8594.078008532524,0.6588393156658839,1.6078956192846936,20.283970740691448,2153.1677336997172,1213.47412109375,2314.234130859375,1812.17822265625,2773.6689453125,7.856106281280518,24.622149464341753,31.092787371719115,17.726118743698628,34.598316072643264,41.83517997002178,27.047488114510983,49.31342127014527,0.9970811807204356,0.8329570106479369,4.270126842615169
7,4128,2322,1,3482,4376845.0,5338282552.333333,9708699470.333332,7621413792713.166,11826095842999.832,23759160349315.164,1.2000200610134978e+16,1.7022083112493402e+16,2.891840091309644e+16,6.216104539495867e+16,1110499970417.3154,-15260428087.74414,2223363352791.246,-4242203499998.0,153519775545994.0,7897267055970.0,-405136571770024.0,0.0579690545718575,-0.000796607485073512,0.11606148128269608,-0.0001058494438708538,0.003830552415679594,0.00019704885113937452,-0.01010877503015155,4376845.0,9260.283184409142,0.6569140745303357,1.5823843430598983,19.592387817126426,2360.671966872224,1214.87548828125,2201.44482421875,1991.26123046875,2985.3505859375,0.0,35.24038926196342,41.91379547419693,19.22663474667655,41.515547239991776,47.955395019660315,26.782406752628564,58.57704544397126,0.9963847949762661,0.719929914354169,5.397741778301535
8,4128,2322,1,3444,4115493.5,4958280436.666666,9212818690.0,6967938810116.083,11162306586482.375,22544553946263.414,1.08042552777552e+16,1.5864240923515466e+16,2.7434488474643404e+16,5.878087217860149e+16,994282214951.6426,62850670154.4707,1921017980330.4492,13604096814290.0,114581885752334.25,-8219050587883.5,-287346167479656.0,0.05870374810990421,0.003710787393965572,0.11341946374591472,0.0003959268126449254,0.003334733752049849,-0.00023920312731161262,-0.008362778784141775,4115493.5,8615.545165657997,0.6699155295646524,1.5421810288365174,18.036140380611194,2289.106609640652,1209.305908203125,2225.586669921875,1944.58642578125,2805.09619140625,176.5233612060547,32.04150527228599,36.00298553522425,23.89128194920177,39.92855427437856,43.82428227770046,32.393993618741376,52.84640914357444,0.9968081202266899,0.7383825938426777,5.125808797023869
9,4128,2322,1,3315,3410539.0,4035072980.833333,7543014741.833333,5401893262256.0,8948465272196.832,18143794341212.664,7895611336556805.0,1.2070370686119926e+16,2.1535149636286096e+16,4.634515961806817e+16,627922356000.0674,24182342490.060547,1461073106969.3418,18716038368167.0,65899972078255.0,-38082585310881.75,-245921779356488.0,0.05398335915310225,0.002078989651077375,0.12561048914534345,0.0008712772545439731,0.003067804501006149,-0.0017728372705217582,-0.011448258896216092,3410539.0,8576.871940255165,0.5912010276172126,1.6809290261744552,21.569239430933468,2083.8505521417596,1174.88671875,2157.26953125,1707.750732421875,2765.53564453125,178.7879180908203,23.281818896934613,28.62097348666947,12.999913721297466,34.79128166148647,40.816802167307394,24.15807084870901,49.44206008654635,0.997067867408041,0.8250734637228927,4.0688469686927
10,4128,2322,1,3643,3698047.5,4387402451.833333,8067209145.166666,6030007121707.583,9582690227782.375,19115901424074.25,9102036975697324.0,1.328115391675809e+16,2.2737061240623584e+16,4.809954375989909e+16,824746704053.9043,11668443190.230469,1517462412173.8633,-9003229537310.0,99139107542326.5,6845817426384.5,-221995669831768.0,0.060308096104496264,0.0008532335926258896,0.11096166682269124,-0.0003423474596713966,0.0037697607820121764,0.0002603119464615084,-0.00844137687593192,3698047.5,8754.619198679924,0.6839574029543113,1.5672597499085665,20.725357722932202,2169.9079047989585,1174.306640625,2163.247802734375,1892.400146484375,2610.9296875,177.3049774169922,26.031423079041723,31.700878206604838,15.544110951698949,36.415668603497686,42.65285288586526,24.984046355760636,57.548388988676216,0.9966161036762833,0.7591681520461826,4.738420082238253
11,4128,2322,1,3761,4170885.0,4910037456.833333,9381677666.333332,6862871196047.333,11046801919464.5,23000322966823.832,1.0644205668270786e+16,1.5583567383936674e+16,2.706661304694527e+16,5.991747798324707e+16,1082690772107.0068,2529840605.123047,1897876882844.621,15991482446578.0,140780385220208.0,-21143049081812.75,-355618644152664.0,0.062236907393321356,0.00014542421485175985,0.10909669763939947,0.00045010950770445744,0.003962521304550564,-0.0005951097683018363,-0.01000953685093372,4170885.0,9156.013201832771,0.6754905014014326,1.6698276265109204,20.09946995712804,2304.4599624516627,1174.8001708984375,2207.035400390625,1996.04345703125,2944.730712890625,179.455322265625,32.01010138947312,39.22204590903324,21.445665491523613,40.266946331924665,47.49712655260035,30.213298633062998,56.52184771358978,0.9965447171205863,0.7413217724564559,5.23591051717895
12,4128,2322,1,3160,3947797.5,4688439563.333333,8854271740.666666,6601396314451.416,10463475172978.957,21393406882086.75,1.0295902882714824e+16,1.476750753372815e+16,2.516566907153274e+16,5.4713991750997976e+16,1033363623050.8936,-51937011522.88086,1534706414910.2266,1561939148332.0,85004250128141.0,-8359331296857.75,-152159127349616.0,0.06630456556781095,-0.0033324774639811416,0.0984726381351858,5.04402163806991e-05,0.0027450703020801283,-0.0002699506442755677,-0.004913724914321454,3947797.5,8412.345024943352,0.7570661896243291,1.4981062225202788,17.925830496292974,2241.983918677075,1191.3551025390625,2229.5068359375,2035.9215087890625,2541.250732421875,7.301140785217285,26.623852503689015,33.99338669050338,13.9731824509745,35.07140205480188,42.74659787700606,23.291541288756264,50.81038035810474,0.9970854298110461,0.7616480494108011,4.717659245416288
13,4128,2322,1,1524,837155.0,972157282.8333333,1765790158.3333333,1135955997007.6665,2048112867150.9165,4269028004179.1665,1335636209030807.8,2390378718342389.5,4925617796834952.0,1.1324022760281888e+16,7025533036.371582,-2434238676.767578,544490871549.17725,175342544443.0,-11345744092.007812,-21578308408743.125,22506458047870.0,0.010024611008639965,-0.0034733728687132174,0.7769245631296409,0.00027344665541884707,-1.7693685152414453e-05,-0.03365136671599584,0.035098815852505655,837155.0,7098.826673865318,0.11279311368358563,1.529250855576327,60.1959495500615,1032.4237749455235,1136.3089599609375,2130.782470703125,409.6916809082031,3120.31689453125,0.5073397159576416,168.12856455190993,168.82544044912498,167.0219366991834,47.13712605480323,43.315069565587585,48.98594548194718,18.42457057145104,0.9958490979357408,0.5082953637685159,9.279712056101829
14,4128,2322,1,1616,1031321.0,1153140608.6666665,2260983251.833333,1300230466533.8333,2544201548006.25,5693992002417.0,1478315103437747.0,2885366825174809.0,6419858447981073.0,1.5704631443259198e+16,10880920314.828613,16151015529.71875,737198467648.6465,169100655724.5,-1268947890500.1016,-17524049452663.875,-10754290958718.0,0.010230053565275397,0.015184906168042285,0.693101281332505,0.0001565527277357124,-0.0011747870093178278,-0.016223696655911706,-0.009956280637928264,1031321.0,7445.537350058556,0.1202513567552128,1.4291583318869683,53.75244606782658,1145.9139062406969,1113.1126708984375,2187.120849609375,418.57293701171875,3364.50341796875,178.25796508789062,168.43820754795718,169.71419058266397,166.89218824072404,50.25142671122174,44.36888742948461,54.31549055334364,21.009015106101057,0.9956811491307802,0.497284932135337,9.511687665225761
15,4128,2322,1,1583,964745.5,1160858613.5,2112311090.1666665,1405968020854.5833,2545341462807.0415,5265698290482.583,1713542061207877.2,3087088945591910.5,6366053026060455.0,1.4339963643216508e+16,9130491643.88208,3640544366.323242,640791367733.4316,-203695631798.25,-40413852384.03516,14003556975200.75,4686286078480.0,0.009809991709054285,0.003911477217549988,0.6884796843235252,-0.00022281776414009695,-4.420774343073568e-05,0.015318154973068486,0.00512621589824759,964745.5,7311.554595351219,0.1165750650853341,1.4440813665365633,55.41236585275757,1108.310480508642,1207.1807861328125,2181.73779296875,391.851318359375,3235.44384765625,179.61553955078125,170.81748319495355,172.14316098875602,167.73471980182813,45.109608410126874,39.064404111447644,53.15614204404261,20.970708038371697,0.9947746385550912,0.5291504500839741,9.133510099711394
16,4128,2322,1,1454,866203.5,1013430817.0,1807265532.6666665,1192319485740.75,2138422047634.2915,4404019000469.083,1410521705461976.2,2543707511433064.0,5250502712266692.0,1.1824789444905826e+16,6637344251.726318,23978287817.666504,633301489439.7119,14487499058.0,-81081123696.62305,-2118455783731.375,-6517692572360.0,0.008846153577549807,0.03195790492659771,0.8440547942074305,2.0746440039067522e-05,-0.00011611007975481636,-0.003033678602265678,-0.009333489348589437,866203.5,7364.559648156166,0.10851609228140131,1.5443149329228063,62.61431500940608,1050.1831030767942,1168.37158203125,2085.54638671875,323.6529541015625,3426.47900390625,177.8901824951172,171.28030740256662,172.0996377129112,169.86899418855037,46.31993059924339,41.44001587442287,49.46075544932328,20.730994961190515,0.9951175836294485,0.5175374429855855,9.24962702260283
17,4128,2322,1,1356,975465.0,1194626822.6666665,2086807165.1666665,1471094433693.8333,2553154158096.083,5194655887805.333,1821370168964975.8,3140801500949718.0,6350505010232358.0,1.4252402486532642e+16,8065780246.856689,-2504746365.9819336,730360249734.3223,2857966074.75,-168119163287.19922,-539274051202.75,14590641059582.0,0.008476625623893593,-0.0026323302368064204,0.7675624946494132,3.041079970116437e-06,-0.00017889079390494825,-0.0005738260961196627,0.015525483899011872,975465.0,7601.630715727806,0.10118555279845602,1.364589195921945,59.238198744492564,1114.450812061746,1224.30029296875,2136.63232421875,370.6595458984375,3433.82421875,0.3932715356349945,165.58656914982407,166.2674845303434,164.31202802315565,46.63611435611435,41.9717680858547,50.996178409201725,19.84502159951647,0.9954174781740143,0.52597948113222,9.430538693386579
18,4128,2322,1,1554,972298.0,1129120590.5,2134005674.6666665,1320720501428.5,2487035984954.75,5322864721557.333,1555613144141579.0,2920043259370054.5,6232623087617554.0,1.4460966086202846e+16,9483300600.082275,8835117000.709473,639135844701.127,-152981475579.5,797441990012.7031,12447239073023.375,-27249008589606.0,0.010031381151435571,0.009345736246183744,0.6760742420931076,-0.00016411200996501444,0.0008554617957222962,0.013352867823054669,-0.02923157560256551,972298.0,7213.110945224762,0.11868390129259694,1.4143976435208137,53.511340667286426,1112.6402216650758,1167.5177001953125,2199.78125,403.5992431640625,3211.07470703125,178.92404174804688,170.2629377366144,171.51089323391355,165.7345927311393,40.773279265991924,35.1992559159105,54.16120945695319,22.708403401335318,0.9933767764917716,0.5205597113822175,9.333015248965832
19,4128,2322,2,1859,1057234.5,1207769371.6666665,2264607487.333333,1394060256933.9165,2583537923999.708,5484602039156.583,1624787026171833.2,2978207993687763.5,6276556948832815.0,1.4441863031255892e+16,14322029382.607422,-3516851500.1533203,633788835760.1826,-489766667782.5,151370873045.29688,26093326811691.25,-21377364909042.0,0.012813326920860893,-0.0031463814798696225,0.56702463976572,-0.0004261484450057805,0.00013170855921960635,0.022703935112970922,-0.018600552903193908,1057234.5,7055.142469763756,0.14225181598062955,1.468813210314268,47.08041145901333,1160.2210019898396,1166.63037109375,2132.140380859375,507.898193359375,3014.572021484375,0.22660981118679047,169.64037357113287,171.5824723198726,166.43184420674504,49.46828095080028,42.93979892302676,57.11352068121135,21.78110186099793,0.9953724338684861,0.47355729187636864,9.848929862675602
20,4128,2322,2,1518,819845.0,971498856.8333333,1715229784.5,1159156618615.3333,2043024412669.5,4039891314746.0,1392580171020387.8,2449005283489051.0,4813097010206135.0,1.0352085819935568e+16,7951172673.14502,10513663871.575195,451392008613.8452,160335319154.0,-1028542434212.0098,-18080215781882.188,11321474828018.0,0.011829535182605377,0.0156419388409146,0.6715685681282401,0.0002634509807564006,-0.0016900238479736706,-0.029708055624657313,0.01860259899558028,819845.0,6528.022631645203,0.13884351519111401,1.5867938451780519,51.97943450197532,1021.6942177351301,1172.1475830078125,2100.970703125,413.2030334472656,2849.598388671875,178.58604431152344,169.97869729800559,170.7498137757146,168.38593120906197,44.689132361609786,39.40089095911009,48.676505183066816,20.697996082882078,0.9947793683276142,0.5199760629940521,9.345962703346308
21,4128,2322,3,28,182.0,387536.0,730542.0,825196491.0,1555557635.1666665,2932372409.333333,1757143983006.0,3312315374308.7334,6243962633314.3,11770453445624.201,8846.516483426094,907.0787541866302,905.1355304718018,4855.451171875,795.1825414896011,-431.06935421493836,-190.267578125,0.2670727111286709,0.027384336257294722,0.027325671128843192,0.010865535150445861,0.0017794605588093365,-0.0009646475795355793,-0.00042578104174592125,182.0,64.62741661071777,2.5454545454545454,1.6923076923076923,22.948917460303733,15.222667215103916,2129.2900390625,4014.028076171875,8.836705207824707,28.01030158996582,96.41230773925781,165.48130986302237,166.47277004503601,164.34700386511895,47.04154984653987,42.5551409253447,51.26715728542257,21.71262706210267,0.9951486640840795,0.5124449927768684,9.6141517969161
22,4128,2322,1,1540,1015448.5,1165472600.3333333,2169437702.333333,1347503789615.25,2499836691228.958,5371950759125.25,1568980332795563.0,2901815126661882.5,6224080489647683.0,1.4632781353847866e+16,9842271450.87085,9882547616.946777,737092423812.9902,-198745261051.75,278315916237.53125,16241723928943.125,6471205600262.0,0.009545079148555416,0.009584139155680203,0.7148355499251172,-0.00019127227613366594,0.0002678510093839069,0.015631021780261083,0.006227882959024345,1015448.5,7504.299762964249,0.11345720720720721,1.4096785804499194,55.45777548780197,1137.0616455768807,1153.656005859375,2121.8681640625,401.48553466796875,3344.914306640625,179.19845581054688,167.85914141110644,169.1885067587418,163.8982796005849,44.67540232445763,38.783062079143335,55.1534226985589,22.83496985924764,0.9942802927390691,0.49242230107607954,9.708874046834794
23,4128,2322,1,1369,799112.0,935222346.5,1712647428.5,1101219208757.5,2026070993955.6665,4156404485545.1665,1304520454460652.0,2410128539663459.5,4949003176862831.0,1.0983288013161262e+16,6703249301.2960205,21713473596.867188,485878683970.8408,43898600487.75,-815229857199.6699,-8421321096942.125,-7328084840074.0,0.010497117701072693,0.03400274669799031,0.7608736457255305,7.690092150302101e-05,-0.0014281076516989458,-0.014752346212230557,-0.012837231045925145,799112.0,6836.660154700279,0.12011173184357542,1.560374515712441,58.48982629577136,1008.6927178642688,1168.907958984375,2170.55029296875,353.4757995605469,3086.3720703125,177.24179077148438,167.7259503593868,168.69704480316355,164.75394555532185,39.94045951637776,34.95158860957942,48.65614298346122,19.707567338872046,0.9939348180188461,0.5287428395085728,9.386949541932411
24,4128,2322,1,1292,753142.5,875292500.5,1486925230.5,1021767206036.75,1726494048892.375,3393622960241.4165,1197969209517743.8,2013498155944547.0,3938435139718775.0,8513167464292552.0,4513550278.984863,-1591277670.505127,457994389157.6201,-6639834080.0,-72677637574.67773,693603701472.6875,4723939038218.0,0.007957267782257749,-0.0028053797470900116,0.8074317936075814,-1.3488521174401018e-05,-0.0001476413177679108,0.0014090243974827256,0.009596467468292983,753142.5,6853.623575329781,0.09917607567897467,1.4141082198919859,62.368218646957466,979.250128323046,1162.5621337890625,1973.614013671875,308.9698181152344,3110.80419921875,0.20127540826797485,166.6686525374076,166.83730006710334,165.61970830912938,44.07928811308489,40.241942724958584,46.87867493567328,15.801992587420937,0.9959425468910932,0.5684415899789448,8.960921137613587
25,4128,2322,1,1790,728340.5,836721427.3333333,1511680784.6666665,967777268168.25,1749295267859.875,3543034078446.583,1126887820367381.0,2036738528496338.0,4103546421200662.5,9049124677803564.0,6547256987.036743,12668369014.257812,405519695090.95703,57117440501.0,-1003560175558.3223,-19296660067378.438,12184953110732.0,0.012342139985414011,0.02388096023577908,0.7644393451432595,0.0001261631686865276,-0.0022167017745451873,-0.04262319455866766,0.02691458653018242,728340.5,6675.627751708031,0.13822963438101346,1.8450958034051381,61.18567603939972,962.9911352822418,1091.6033935546875,2113.533447265625,476.25872802734375,2852.3212890625,178.80592346191406,166.77933705406326,166.43050088803423,164.90251925465216,43.026205010717824,39.459731646254504,45.685656510891285,17.708862263201787,0.9952641317794007,0.5151914688388977,9.305845712693745
26,4128,2322,1,1601,991662.5,1164071656.3333333,2110843986.0,1377479259935.5833,2469864164868.7915,5109755722128.916,1642529006456628.5,2913420130519995.0,5983312197136194.0,1.346984224412452e+16,11023614916.607666,-7968419346.377441,616631969609.9209,-317344017994.75,37614330298.82031,19103984355252.75,-31853045591266.0,0.01120975840389789,-0.008102973154411042,0.6270443457738328,-0.0003240563900808677,3.840993811374371e-05,0.019508066499703162,-0.032526792320243844,991662.5,7056.726168632507,0.12740384615384615,1.4229357266207001,50.21606062451976,1123.665390599414,1186.7652587890625,2109.407958984375,437.3236389160156,3100.789794921875,0.7822285890579224,167.4084049853441,168.63238366250692,164.2004568285159,46.20639110003313,40.28956159892337,54.50334750265972,22.153841776820727,0.994699370190087,0.47404191864468737,9.663746119631796
27,4128,2322,1,1438,895298.5,1047467595.1666666,1881106409.5,1233318000854.0833,2210680356012.458,4493523883302.75,1461249905607309.0,2614149957032917.0,5296875221178404.0,1.1723046330557032e+16,7817943695.225342,9852356176.015137,541142276652.0283,18008319913.0,-221053327509.27734,-1790326200342.0,7748038149262.0,0.009753417719528189,0.012291485977947969,0.6751118805200844,2.3743982035516297e-05,-0.0002914589624478192,-0.0023605463110385715,0.010215793561828416,895298.5,6972.902794003487,0.12031438935912939,1.4705531172005761,54.307444248618346,1067.6747887545505,1169.149658203125,2101.698486328125,365.9298095703125,3105.19970703125,178.92623901367188,171.55561898657265,172.9503614733356,168.31042524237324,42.84885193532064,37.20132183008506,52.56081700734364,22.956255359267193,0.9937726221780796,0.47465468517275466,9.595817042419235
28,4128,2322,1,1849,767097.5,966196244.8333333,1539785317.3333333,1223560634228.9165,1935229400538.875,3571976401345.4165,1557850464995717.0,2446064949633905.5,4457367792906980.0,9137763690857104.0,6589931638.9140625,-4204363040.029785,481184391887.2788,116246693187.0,618028101296.0449,-24829779966964.5,36028722657062.0,0.011199013668408083,-0.007144948040766367,0.8177308775024367,0.00022555589868994148,0.0011991728967225095,-0.0481777432215895,0.06990728677753967,767097.5,7108.858199357986,0.13165769000598443,1.916940154282865,65.8793242040018,988.2807656063542,1206.9990234375,2070.12158203125,465.8431396484375,2989.522705078125,1.5937191247940063,167.92151778321949,168.39527632971442,166.44914313876703,44.88391194976954,41.276631265199605,47.218949931385175,18.165705243836054,0.9955285470733705,0.4910976236253194,9.346162929756236
29,4128,2322,2,1744,1113216.5,1276695913.6666665,2459223641.6666665,1478260492671.9165,2831232886079.458,6209335511801.583,1728033943245929.5,3291087418387774.0,7144163669335110.0,1.7118772063118952e+16,14077689081.452148,10864364674.779297,776626852046.4854,396069950457.75,519831498483.64453,-25033948039597.125,-29682815401620.0,0.011359836994716531,0.008766880064090639,0.6266905309474172,0.00030291641412821455,0.00039756990725899397,-0.019146097205462526,-0.02270157580068072,1113216.5,7501.201346874237,0.1315714691673771,1.4635940088922506,50.545443448195265,1190.5424266491602,1130.935302734375,2223.1748046875,477.6330871582031,3288.8740234375,179.5839080810547,165.48629274499396,167.03197434465744,162.2258811903665,48.64636508594172,42.13554217113931,55.7198914662761,22.947102524252976,0.9949593310836962,0.47402937418717983,9.843409550476185
30,4128,2322,1,1396,665039.5,785648819.8333333,1312014123.1666665,932063199891.5833,1543725249335.9583,2973986303991.25,1110460445391685.6,1824316762074235.5,3476834041210253.0,7426553205394850.0,3931760923.658325,-6231328386.95459,385597103968.09863,71784772308.125,231410218799.08008,-11917601709716.062,37924822483193.0,0.008889804700996191,-0.014089181276123248,0.8718441975756325,0.00019902779188784211,0.0006415993724988151,-0.033042299593880456,0.10514895337648032,665039.5,6656.618523478508,0.10577833912219767,1.595311255947955,66.62847871008744,920.1926918917039,1162.2191162109375,2004.91162109375,333.5882263183594,2976.018798828125,1.4062484502792358,169.35250817508964,169.1023509538022,167.80374276385635,42.34907120238873,39.17864788639997,44.286065311781655,17.09230273821644,0.9953376348061099,0.48831660782325015,9.428304442681966
31,4128,2322,13,16,3610.0,5625356.666666666,9283215.0,8766886781.666666,14465748212.333332,23873138515.333332,13664482300859.602,22544253955865.832,37200745882356.234,61396063420083.5,1059184.1012630463,-12283.05447769165,1093990.0632476807,-131232.0859375,27404.626950740814,494817.187087059,-29376.359375,0.08127501333346479,-0.0009425230375527852,0.0839458002353942,-0.00016759923317179697,3.499902047195043e-05,0.0006319413466879816,-3.751716106207404e-05,3610.0,232.62741672992706,0.9838709677419355,1.047645429362881,14.990447372420817,67.7967164138053,1560.0789794921875,2571.12841796875,76.20561218261719,82.78765106201172,75.96327209472656,167.4746722452577,171.68036995723415,158.16152896293625,72.04848361408466,64.06866291753943,84.38736015374545,39.104671668519025,0.9961055721928871,0.5831043314192861,9.376252320520969
32,4128,2322,5,56,6679.5,10259423.833333332,16468900.333333332,15762261436.25,25294735339.958332,40608745744.416664,24223145302164.75,38860845683628.68,62369408673118.0,100140295223566.4,4229039.817932129,-785071.5382232666,3209672.964202881,505384.37109375,2228543.0426483154,-1522586.2876167297,-591205.984375,0.09478811042912902,-0.017596298654917856,0.0719404045528746,0.00013859958243442178,0.0006111687515775894,-0.0004175630188708559,-0.00016213580643534793,6679.5,312.6101715564728,1.1341463414634145,1.141702223220301,14.630603991401653,92.22040738935455,1536.0377197265625,2465.31591796875,82.49312591552734,117.391357421875,61.84568405151367,168.78839809139407,172.87319346794064,161.0697485586136,76.55883528112736,68.41295899655621,86.94429085209735,37.38562064448872,0.9966308950505685,0.5724509538125921,9.571183294836747
33,4128,2322,12,92,9747.0,12006544.833333332,26865117.0,14796694121.0,33093742006.25,74055578769.16666,18243612639007.95,40785191081568.0,91227317629481.12,204163492797832.3,6797862.167198181,766556.0350112915,8742673.57939148,8553374.54296875,-7046336.008377075,-15281730.825248718,3105251.5625,0.0715534243107381,0.008068670396964949,0.09202425951721131,0.0009119270004964055,-0.0007512525060522885,-0.0016292777644489312,0.00033106965314704185,9747.0,376.166521191597,0.875,1.1260900789986663,14.51741578592266,111.40137271386574,1230.7669677734375,2755.625,107.78172302246094,124.80142211914062,144.3665771484375,164.1089906581135,166.92512177086047,156.1417307653787,67.28225448492704,60.63020349410701,78.12010345071656,36.794872628258915,0.9958579988152124,0.5827607324295507,9.571554020953934
34,4128,2322,6,62,7316.5,9353087.0,15077340.166666666,11961068417.583332,19272621282.625,31075000838.083332,15302001375639.4,24644514629469.6,39718391251434.47,64056410961866.055,4499507.644290924,-1577351.6164855957,4654839.12481308,1499261.669921875,28925.607851028442,-1672763.9791021347,997942.6015625,0.08405397182930034,-0.029466039135460847,0.08695567328647617,0.0003274303977300604,6.317191637227363e-06,-0.00036532233563636105,0.00021794510557880635,7316.5,331.2375888824463,0.9894736842105263,1.2205289414337457,14.996014527254356,96.51765190396428,1278.8612060546875,2060.068359375,81.37640380859375,130.03567504882812,42.470123291015625,168.7922885618853,171.75550764844527,162.3949482202592,66.34124206625741,59.54511759348977,76.76092574430487,27.73119786163074,0.9967468131169364,0.608185736909929,9.216123799829298
35,4128,2322,3,144,21730.0,30296266.0,65367250.33333333,42293191745.0,91125222069.5,196664375896.0,59115786162471.805,127194709348255.58,274127693555025.38,591774428923063.2,53719423.65826416,-10700792.315704346,29428075.444732666,241616104.6171875,-10582267.515930176,-115102548.18671417,72936342.375,0.11376584370130122,-0.02266190854564807,0.06232214725111848,0.003471175425174822,-0.00015203004370143968,-0.0016536196429197021,0.0010478392558118713,21730.0,602.5340518951416,1.2751677852348993,1.3028071790151863,16.707192070555784,166.3354902211043,1388.4552001953125,3007.3798828125,132.37380981445312,214.76502990722656,70.99528503417969,169.04253112292932,173.3883509771715,157.44559872203192,70.60531075708508,62.47526399366908,86.66010635346989,30.924678525333906,0.9967611212555613,0.6046948097943919,9.22892617686214
36,4128,2322,1,3066,2669671.5,3016696376.0,5420683398.166666,3618997319038.75,6168425830613.875,12594428752926.25,4560133009698185.0,7426413703913462.0,1.4431697456310014e+16,3.217814965583383e+16,210167047235.07178,43119416437.91797,1587902855204.4824,-4262436181668.0,-19294526454966.125,25040687344194.5,157188222714812.0,0.02948824812283847,0.006050025765509921,0.22279645646284532,-0.0003660271721890854,-0.0016568742981801275,0.0021503130105938175,0.01349818700141003,2669671.5,7829.737815618515,0.34672179562906086,1.4890086664220672,22.963422376620716,1843.6733238978209,1139.3590087890625,2010.70166015625,1123.7965087890625,3088.77099609375,177.89324951171875,169.3197987400597,172.54646937533803,165.60628440715368,75.68675246600372,67.96188140925759,81.77437458517358,30.555997964386606,0.9971508650174135,0.6070631656749873,9.17832086295716
37,4128,2322,7,48,5516.0,5579127.5,16639895.333333332,5645756381.166666,16830645173.0,50199127997.33333,5715990363781.75,17031965578053.516,50775533203159.05,151447114311757.97,2778922.6358013153,315649.55517196655,2225041.515991211,42559.3115234375,864794.028377533,165257.94148159027,-375716.0,0.09133304589961104,0.010374248976672207,0.0731289947731726,1.883362635347821e-05,0.0003826943392684416,7.313103079910562e-05,-0.00016626431457018753,5516.0,282.2253956794739,1.1081081081081081,1.100072516316171,14.440024286881,83.80447081605585,1011.755126953125,3016.884033203125,79.13115692138672,106.34318542480469,110.04342651367188,169.2537960542569,172.83671656434242,164.20903149183076,74.1532277795948,66.40627243917166,81.20878832918484,35.74783518791655,0.9965637203158595,0.5823553088491992,9.397028450027275
38,4128,2322,3,158,17625.5,21334125.0,44302436.666666664,25851477819.083332,53614014374.791664,111381620431.41666,31359737513550.402,64954125930757.35,134766276854749.36,280091024772988.62,28386870.42229843,-10207443.100028992,25579774.186447144,66734795.3359375,57956196.37068176,-111831158.09443283,38551591.90625,0.09137652194800654,-0.03285746665931011,0.0823405596531301,0.0016180752617794352,0.0014052262712751728,-0.0027114974953898205,0.0009347354232781675,17625.5,515.889390707016,1.0335570469798658,1.3018637769141301,15.099819207628503,149.80481833282136,1211.793212890625,2511.01953125,123.04203796386719,185.6458282470703,50.4174690246582,169.41667157005122,172.65582997816637,164.77465286123964,65.68475338460586,57.93784820340276,73.90452187799235,25.408756910487284,0.9968615714646887,0.6074014164764259,9.1762510478536
39,4128,2322,2,54,6661.5,9349305.5,12199773.5,13125419392.916666,17121090776.541666,22346125657.25,18432042352605.652,24034642205103.95,31358423253026.367,40937696325227.85,3823155.983505249,-1090336.1663208008,3639212.560028076,1006582.93359375,1971784.4888820648,-2297147.4100208282,-403570.4765625,0.08615449735322062,-0.02457063346635414,0.08200934783290817,0.0002779197959081258,0.000544414100851505,-0.0006342475299919315,-0.00011142670984928715,6661.5,313.9238797426224,1.0227272727272727,1.1889214140959243,14.793695454876595,92.09606521048164,1403.802490234375,1831.136474609375,80.38667297363281,117.19493103027344,48.5601921081543,169.41391628524593,174.17480670232158,163.28247323795313,75.26197202483027,66.34087442351971,84.29886668814137,27.4875232406402,0.9973829091613651,0.6143980750131244,9.066617658023427
40,4128,2322,3,2946,2963319.0,3368244835.0,6164366426.333333,4104027534461.5,7013783736955.0,14666555242716.166,5280641303578098.0,8529674342643572.0,1.6768429327436316e+16,3.834397099164204e+16,275525348735.2324,7080990289.973633,1843294082474.6953,-10534979240516.0,-23718175719729.0,68287162135074.0,165327031982448.0,0.03137651823958027,0.0008063752464429344,0.20991226638553545,-0.0006969276099060276,-0.0015690445266479975,0.0045174468413790156,0.0109369910107902,2963319.0,8124.681039690971,0.3749274521183981,1.5024477621207841,22.27584745237147,1942.4250138589798,1137.55078125,2060.4072265625,1214.826171875,3199.268310546875,178.94728088378906,166.33846842888047,171.5649986395716,160.80138840898317,78.37600427091151,69.43058410458445,85.62859795817872,34.51495459664963,0.996959263240658,0.5574944119500213,9.718156283073355
41,4128,2322,3,2729,1911835.0,2195419107.0,4187277443.6666665,2631225236184.833,4797059954826.75,9959920720998.166,3272273098766004.0,5734465051489434.0,1.140243545717226e+16,2.527453822155864e+16,110157751082.46924,-11319903338.79004,788997293903.4355,-2239095728801.0,-2414028831044.25,14736673932815.75,4338377170580.0,0.030137987267819914,-0.00309700497100743,0.21586125501240666,-0.000443043777745281,-0.0004776573145734061,0.002915905562506373,0.0008584228830479238,1911835.0,6650.319428086281,0.35236768802228413,1.5202483477915196,23.1331409329685,1560.1999631485542,1151.0762939453125,2175.221923828125,952.5153198242188,2573.205810546875,0.6106388568878174,168.36769228778985,171.5602211781143,163.80511852836702,66.73584498583475,59.6241054180093,74.13058102771882,21.35850710949683,0.9974524660371179,0.5965320661169179,9.384088618601542
42,4128,2322,2,3486,2366835.5,2900539569.1666665,4760653562.166666,3714570519689.9165,5838627422936.041,10850075554896.916,4944640151877311.0,7474468927375513.0,1.331021064968579e+16,2.7006783957683864e+16,159980522919.312,4481352303.477539,1274495697754.2598,351269583856.0,-8002945232580.1875,-4505057020582.75,55897084828828.0,0.028558208683656133,0.0007999685957536377,0.22751090844505792,4.0758703377041966e-05,-0.0009286020932890298,-0.0005227332260964169,0.006485880944117039,2366835.5,7663.71343255043,0.33464686268566235,1.538804027571836,24.814780569352582,1735.9575324537814,1222.43359375,1988.234130859375,1031.2747802734375,2941.7734375,179.8037872314453,165.52037074594875,170.80304783950618,158.6799318867723,72.00665449125701,62.2405809369215,83.29796082393975,25.22673517558038,0.9973507388230678,0.5947060793590335,9.2616943969427
43,4128,2322,3,146,18500.5,19812448.0,48617371.166666664,21250921980.25,52068942936.375,127785295278.75,22829838981378.3,55853572902396.93,136867453664017.42,335932205238752.44,33490248.529018402,3910200.1633987427,23949414.723007202,194685238.37890625,6629998.725082397,-183706877.4058838,-4451726.875,0.09784788405756424,0.011424364674349673,0.06997259375465183,0.0041819068840407096,0.00014241468711480523,-0.00394608785784822,-9.562464735101672e-05,18500.5,535.8061299324036,1.1798561151079137,1.232182913975298,15.517862159030283,153.4782336273547,1072.0550537109375,2625.0263671875,131.64219665527344,178.27842712402344,116.00618743896484,165.103937459521,168.7640225321996,157.58669517723962,69.53197923260244,61.67929267719866,81.2407600311172,25.275787165795503,0.9972384832670013,0.6059967584450888,9.310216240453524
44,4128,2322,3,96,11228.0,12099619.0,28128401.833333332,13054310242.333332,30316336218.833332,70475155981.16666,14100909636111.5,32713055496384.4,75967887263948.9,176593761043668.4,15409285.336450577,4353206.5217170715,7843040.52986145,-5326775.716796875,-3680141.5374450684,389857.3162651062,1594404.1875,0.12222996551170816,0.03453062691727561,0.062212786157201105,-0.00039875707471538467,-0.000275491695545351,2.9184326740106366e-05,0.00011935549449109718,11228.0,421.4213535785675,1.3725490196078431,1.2718204488778055,15.817238800498043,119.56560378422553,1077.1995849609375,2504.783935546875,91.31507110595703,168.74127197265625,115.5518798828125,162.27574276886406,168.95254744389695,153.03243880993398,80.45082417827535,70.00796233777814,92.43122808036934,36.07793057834351,0.9969743763607776,0.5877909904209432,9.410968195426316
45,4128,2322,7,90,10383.5,13646700.166666666,27811604.5,17946462519.25,36549007527.70833,74499294506.91666,23615497657703.05,48060950351069.414,97896546093473.28,199582344642628.47,11043302.328922272,-2889979.434486389,7519588.59236145,11326120.12109375,-15642458.211055756,147116.23734855652,9398899.90625,0.10242628647266269,-0.026804469590727447,0.06974395089235462,0.0010309123567369106,-0.001423788842702196,1.33906355696165e-05,0.0008554952578192167,10383.5,390.83556854724884,1.1826923076923077,1.2319545432657582,14.71107445867494,114.98122808857785,1313.8968505859375,2678.29296875,94.74842834472656,148.00726318359375,62.52436828613281,166.80020450243376,170.79177214159807,155.41565740406892,74.38875872242014,66.25916100473475,88.28096938353545,37.46754237477823,0.9964770056945641,0.5967680224429608,9.349854322547804
46,4128,2322,2,30,6208.0,7298841.666666666,4615868.0,8584517611.666666,5426601971.083333,3435278680.0,10100377887284.9,6382075981128.3,4038388451787.1333,2559039626235.4,3156517.1000699997,-345465.4877576828,3217244.203608513,5356787.228515625,-4744280.157101154,-8120380.324062824,3917596.6298828125,0.0819039279024633,-0.008963987681697367,0.08347964827788389,0.001764107823228697,-0.001562395776367246,-0.0026742197974589247,0.0012901507131441014,6208.0,306.08326065540314,0.9879518072289156,1.0963273195876289,15.091327714794371,88.90596770586264,1173.3345947265625,742.7322998046875,89.60502624511719,106.7316665649414,53.036399841308594,166.91130632841242,173.64527173931188,156.1888310080858,73.63271090587457,62.59366649283291,88.10876427290657,32.7192825171517,0.9966889226183265,0.5928806232679871,9.34995269952291
47,4128,2322,3,20,3586.5,3724485.833333333,11179517.5,3868857898.083333,11609678779.458332,34848836079.416664,4019944816250.95,12059750261971.95,36189874181174.5,108634178918835.11,1077409.389427662,44162.90958404541,1042538.9715881348,16416.4609375,214600.40488624573,6914.355325460434,-77351.875,0.08376046615687914,0.0034333336333450524,0.08104955377576882,2.1310932312974026e-05,0.00027858225474290677,8.975829741241316e-06,-0.00010041388205914145,3586.5,230.87005698680878,1.0163934426229508,1.054509967935313,14.861559518497792,67.57568813702648,1038.813720703125,3117.739990234375,73.98322296142578,82.38127136230469,136.65744018554688,167.83985462612424,173.09791495569843,160.08516719915337,74.93322546126021,65.67111017053797,85.99567840232336,30.08456495627143,0.9971164240149952,0.6063945302341668,9.172780308728
48,4128,2322,6,86,8578.5,12772339.833333332,25214865.0,19026266558.75,37539687709.95833,74118346579.58333,28356991320180.953,55917624279381.75,110340423921499.9,217880604340794.88,9810905.879062653,-2169797.9535980225,4058887.3032073975,-12666047.5234375,2790866.310771942,4492198.403772354,-3180124.46875,0.1333172657929526,-0.029484691226542434,0.055154922908815074,-0.0018582867238416503,0.00040945921004383767,0.0006590684772930073,-0.00046656883842468607,8578.5,374.7523066997528,1.4880952380952381,1.2239902080783354,16.371077854728167,104.51069531158328,1490.3614501953125,2939.339599609375,76.85234069824219,168.005126953125,72.59093475341797,169.91960796710268,175.2723467055933,161.26993830916277,75.38166442171314,64.89905879043285,88.37595114318965,34.83692365886007,0.9966912836493786,0.6277225626700722,9.042778716116148
49,4128,2322,18,26,4400.0,4334632.333333333,14545858.0,4271825337.6666665,14329937700.166666,48088402696.666664,4211493462603.3003,14122477331834.5,47375159264997.06,158984834830985.0,1589550.1260356903,177154.05863761902,1587933.9021224976,-278702.62060546875,-67693.337266922,423431.76304626465,104930.96875,0.08210486188200879,0.009150519557728255,0.08202137924186453,-0.00021702479823373244,-5.2712575253888645e-05,0.00032972489724434977,8.17093943069726e-05,4400.0,253.2548327445984,1.0,1.0820454545454545,14.576820524657842,74.84820637019111,985.5198974609375,3305.733642578125,75.27195739746094,93.4225082397461,137.31170654296875,161.10169786471167,165.949940825538,150.48516027181861,77.96785816240308,68.94938743891497,90.15877039337344,51.29875555143614,0.9955800828155831,0.585016979097252,9.527435365953878
50,4128,2322,7,284,40230.0,55359509.0,87834292.33333333,76289472129.0,120932551888.08333,192010994449.3333,105284450521277.5,166743812256452.44,264510115949949.1,420278811725094.94,110619612.94032288,65952411.677734375,242092890.85809326,-48952918.796875,-756055502.8747864,542444316.5473633,3446744441.5,0.06834898497220579,0.04075028175224276,0.14958290776215563,-0.00015080075299485764,-0.0023290488481904742,0.001671013974315771,0.010617786843635985,40230.0,1114.499563574791,0.6591639871382636,1.5847626149639573,30.875199532895838,226.32372143612255,1375.8204345703125,2176.492431640625,175.90724182128906,318.9463806152344,161.7642822265625,166.70070293668917,169.2830732244323,159.32849118893094,75.22007256241778,69.03419766032587,85.2293245349199,36.16241316052598,0.9967246501030684,0.6122870485169292,9.191606487918522
51,4128,2322,1,3548,3391627.0,4201746649.0,7346186141.166666,5659846903248.5,9144415722414.25,17801586746585.0,8137558536137431.0,1.2388154387458016e+16,2.2239819086109516e+16,4.6629493220058376e+16,454476471186.62305,43529038360.46875,1889916382871.8965,-256364879953.0,21203403785643.0,-2397494909061.0,-115365494704072.0,0.03950892711131088,0.0037841026166193195,0.16429578504339487,-1.2101475337044512e-05,0.0010008877503829572,-0.000113171607273237,-0.005445725206834944,3391627.0,8215.503533959389,0.45677190911773385,1.5468009896135395,19.900330524700742,2078.0648732394006,1236.5760498046875,2158.129150390625,1452.360595703125,3057.47314453125,178.1583251953125,168.72782063544525,173.95450942367913,142.8720437807557,67.0815122431495,58.431488427361174,99.84211348994621,33.87243400091161,0.9962264248872525,0.5641229579632187,9.613152939322376
52,4128,2322,2,2769,2154502.0,2691325585.333333,4680508502.0,3568130176379.0,5926734914481.166,10917002689708.332,4983880719358642.0,7977213365754422.0,1.3968546314873162e+16,2.6844008983200244e+16,206224081016.9126,80013823573.48047,748917518613.4414,11486947343539.0,25793442304836.438,-16225765631404.5,-126378387928036.0,0.04442685534911182,0.017237378623774016,0.16133930675693714,0.0016859216056232416,0.0037856638813252214,-0.0023814306819426928,-0.01854836174656553,2154502.0,6699.990563511848,0.5020872865275142,1.6180560519321867,20.83538263187865,1656.259987324151,1231.8360595703125,2151.92333984375,1187.817138671875,2486.53564453125,171.28683471679688,171.57754368811302,170.3939471995206,153.3513066372213,43.5225961196315,41.05579488722242,74.69244506376052,28.155268222315527,0.9935848523415541,0.46271747503980476,10.103740038988926
53,4128,2322,1,2998,2907828.0,3405888249.6666665,6023531705.833333,4300899054039.6665,7157254200871.916,14005211966892.832,5777257742486987.0,9146782299963790.0,1.6775577231736738e+16,3.529423974951766e+16,311641515692.32666,101996510804.8418,1527536460920.875,9649099896781.0,-1413277942104.25,-51052577717586.75,-45940941307948.0,0.03685682152695058,0.012062793324420678,0.18065673500206456,0.0006692139991883818,-9.801799066416872e-05,-0.0035407551034537,-0.0031862372022313816,2907828.0,7839.65159881115,0.41942468295700586,1.5076366277510225,21.136097867804498,1924.1521766451215,1174.5626220703125,2067.758544921875,1272.1793212890625,3016.630126953125,175.03919982910156,170.1985656869913,173.1579809990719,143.5583416169234,51.563486814984635,45.75228724739709,91.6182523718156,30.518120922506746,0.9948409955138534,0.5752098455020929,9.507251288503682
54,4128,2322,3,10,27.5,63046.33333333333,78200.83333333333,144539727.41666666,179282765.79166666,222377147.25,331371296104.2,411022847219.9,509820552572.89996,632366732407.4501,85.7156565785408,9.236111134290695,44.194444477558136,4.70843505859375,6.734078109264374,-1.006323409077595,-4.337158203125,0.11334301696335973,0.012213039516417447,0.058438934846357864,0.0011872573043997404,0.0016980341289894272,-0.00025374987721985454,-0.0010936378420679201,27.5,19.899494767189026,1.3333333333333333,1.7454545454545454,14.399632435977578,5.917270272703197,2292.531494140625,2843.731689453125,5.306360244750977,7.4509172439575195,106.24913787841797,168.08596102581308,170.4260103267365,138.79830866617925,50.439044623519834,44.84264673567243,91.11212204700607,33.326025512118605,0.9941760746052323,0.541886733064582,9.94456438820969
55,4128,2322,7,28,204.5,157053.66666666666,268664.8333333333,120619545.58333333,206330783.79166666,352965147.4166666,92640765356.8,158464532337.73334,271071254178.76666,463720520153.45,4121.556710138917,-742.7579122185707,2836.071787595749,-6.1195220947265625,283.05592070985585,-107.13371624564752,-182.4053955078125,0.09855409066514229,-0.017760723865079014,0.06781575403293258,-1.0232558266587893e-05,0.0004733026789562889,-0.0001791401316688384,-0.00030500320266546897,204.5,54.870057225227356,1.1875,1.4865525672371638,14.722362737895965,16.13621662281282,767.985595703125,1313.7978515625,14.194601058959961,18.70016098022461,64.30591583251953,171.3619322715315,170.2333950533822,145.7685269690323,54.71357967536287,51.65284105661175,90.47887793416419,32.93084418713667,0.9951363230318859,0.6022681645154643,9.58377453469913
56,4128,2322,1,3098,3561055.0,4409083530.666666,7899740495.166666,6000340865223.166,9876955307696.666,19470678679919.332,8781861755256266.0,1.3569089550332028e+16,2.450284607899056e+16,5.172009480411767e+16,541279553225.44824,95973066821.45312,1946124891512.2227,12242186205099.0,20452347473067.5,-30381670472579.5,-107543933390976.0,0.042683916267812226,0.007568189715944836,0.15346641383554005,0.0005115784921486332,0.0008546660625709024,-0.001269594246397364,-0.004494063589800106,3561055.0,8532.116673707962,0.4962786543614171,1.5724140739191055,20.442541587750092,2129.336997043182,1235.881591796875,2216.133544921875,1534.238037109375,2997.18212890625,175.52392578125,172.22552042645674,177.5038065913173,143.11576546631812,70.29990599969426,60.24144634830216,102.21883438233058,37.68839530609766,0.9960436849342942,0.569142842262551,9.771400826834654
57,4128,2322,2,118,12911.5,17058191.5,44052586.0,22551241438.583332,58189307215.125,150323556289.0833,29832443041263.453,76912341047718.72,198524626399142.3,513030970311172.94,14596025.527355194,-11323854.713439941,21086917.79446411,17790962.63671875,-37368074.639938354,30498357.559791565,8937985.0625,0.08755505296547433,-0.0679267583733956,0.12649102325237252,0.0009391991668852976,-0.0019726905894064993,0.0016100327225918494,0.00047184339013830177,12911.5,483.0609630346298,0.8451612903225807,1.5726290516206483,18.07287255608907,128.21634990065837,1315.466064453125,3417.815185546875,85.31095123291016,221.95533752441406,37.87772750854492,171.49333504847465,176.71704727363473,143.6390100129199,65.32881199887758,55.317693108816044,97.5737647312016,40.37159530374937,0.9951277214738024,0.5728490607391614,9.668860859085125
58,4128,2322,3,3532,3433022.0,3890672054.6666665,7880738774.166666,4891241034790.333,8967756817886.916,19998606118010.832,6628414521020249.0,1.1350363805489496e+16,2.285346037853604e+16,5.445345500507582e+16,481910410936.4404,36450779423.34375,1907826732777.086,-7175214223012.0,39562728649990.25,21525104852719.75,-213820322105544.0,0.040889625747128656,0.0030928128859375103,0.1618772272257698,-0.00032858172520042753,0.0018117354032104746,0.0009857205468435143,-0.009791686789646568,3433022.0,8491.728927731514,0.4670919106987533,1.6184979298122761,21.004660087256127,2090.7078629846396,1124.054443359375,2290.70166015625,1472.1378173828125,3056.365966796875,179.5916290283203,175.85884491283244,178.78316941423125,145.8844228445139,64.52723454240288,57.11200545951261,98.98041170801504,38.834986104830406,0.9954481713337091,0.5701808264370793,9.725228935283111
59,4128,2322,4,6,17.5,19041.833333333332,8511.166666666666,20719530.583333332,9261047.708333332,4139457.9166666665,22545065715.95,10077007673.016666,4504170419.65,2013266095.5500002,21.057936511933804,6.728968255221844,31.743650794494897,-2.6883316040039062,-2.0479756384356733,3.5211710256771767,4.726696729660034,0.06876060901855935,0.02197214124154071,0.1036527372881466,-0.002098397286193168,-0.0015985626607531015,0.0027484763090603703,0.00368945838950987,17.5,16.242640614509583,0.8333333333333334,1.7142857142857142,15.07562137897807,4.720348719413148,1088.1971435546875,486.3239440917969,4.473374366760254,6.456854343414307,144.21746826171875,176.9927154484573,177.75685461861266,144.42013137732107,58.21936271509897,52.79932796044458,96.51380821864717,34.00251097292039,0.9953208032229466,0.6105997451620574,9.330882948228524
60,4128,2322,2,3546,3475629.0,4207222681.0,7381962904.666666,5515173020432.166,9091636966938.582,17992467105319.832,7690851127996972.0,1.2123803282051686e+16,2.2489077557009136e+16,4.786486766505152e+16,422361708430.56055,155826567493.1172,2313757920342.17,-7755524148988.0,32755363022495.125,47405107435411.0,-178198787551856.0,0.034963726425689824,0.012899553550743766,0.19153630011281392,-0.000344371834300359,0.0014544503028467394,0.0021049491290499405,-0.00791263648471009,3475629.0,8734.116662025452,0.412396694214876,1.5634896589940985,21.948485832599115,2103.641672345442,1204.7662353515625,2114.678955078125,1368.466064453125,3291.31494140625,175.4167938232422,166.99639204792047,169.55208197707805,132.84299894754588,56.410908698986646,49.57016623034121,94.71595240965968,34.46058588886706,0.9948543850478347,0.5657343765340911,9.761393245511659
61,4128,2322,1,3245,3272804.0,3883871398.333333,7166777586.5,5054484878698.666,8546792635394.75,17388818928114.5,7043505136305360.0,1.119247621217457e+16,2.0863014896839508e+16,4.536816902676634e+16,445453284141.9131,41901268107.32715,1695028229264.5938,-11954277955601.0,24729163016521.125,44007518476418.75,-133357613287424.0,0.04158743839976125,0.0039118948458132805,0.1582475302796068,-0.000616912196498623,0.0012761726246248708,0.002271050998360053,-0.006882049960567659,3272804.0,8351.11161351204,0.46928895612708016,1.5662578632878719,21.309270332514767,2041.3386477915465,1177.6685791015625,2166.875244140625,1441.6656494140625,2989.640380859375,178.08096313476562,169.36635470708225,175.40306780775728,153.75540822449906,69.90121065645879,60.269357328534355,91.8549603554108,34.25285234267123,0.9963190614753396,0.5828400373258097,9.640958512455903
62,4128,2322,2,3222,3632816.0,4796596997.833333,7836130810.833333,6831122366325.833,10351634102505.75,19144643539561.5,1.0326430020442032e+16,1.4760948926777548e+16,2.5331468759189664e+16,5.089916402458176e+16,497924439531.92285,5180684035.767578,2241792945286.5703,-7929544634746.0,12261474860372.25,31444546006902.0,-67881001347712.0,0.03772911688206357,0.0003925548095174073,0.16986687405344747,-0.00031523885682058645,0.00048745463906981607,0.0012500771725305563,-0.0026986075809351776,3632816.0,8295.052743673325,0.4462302746931619,1.43838664000599,18.94065100470884,2150.6847723333644,1320.01953125,2154.361572265625,1471.59033203125,3172.210205078125,0.0,161.93843466855625,166.38599286651444,133.61348069777458,64.51571268895796,56.82143321605436,98.33802976681011,31.217875292604134,0.9962958748979857,0.5941153287779766,9.629451607041059
63,4128,2322,1,3302,3408698.0,4193490494.833333,7260921694.0,5592084843768.5,9081873150176.166,17519025675891.0,7949563683517231.0,1.2298548960629978e+16,2.218501216386868e+16,4.5954764105111256e+16,433117246680.83984,149252511000.10938,2052421169889.0508,4330414728467.0,19529778166398.5,-3309958126101.0,-106580250758496.0,0.03727592472396687,0.012845310149939204,0.17664015371578304,0.00020186367556885296,0.0009103868915366353,-0.00015429476279060103,-0.004968272673683704,3408698.0,8368.494301319122,0.4423019875407891,1.4745105022504195,20.544998961835464,2083.2880476927958,1228.346923828125,2124.48974609375,1384.4603271484375,3151.451416015625,174.86990356445312,170.29374121563876,174.9274990777464,142.2125204064259,60.778058981289085,52.178750723149385,96.35606092317974,33.22780189869895,0.9955615661911821,0.6174507097269827,9.460427277192633
64,4128,2322,1,3607,3625793.5,4441053910.5,7734858102.5,5974192366610.583,9546482850180.125,18615256455645.582,8629129111258293.0,1.293942623360559e+16,2.3120679092964264e+16,4.863775155398122e+16,534566575465.1846,72440320380.7207,2114584294969.6094,2110409669335.0,17302298808734.25,10706427561720.5,-95963193092912.0,0.04066264905398992,0.005510287137643312,0.16084918703830925,8.43061201019849e-05,0.000691187925550597,0.0004276977029611643,-0.0038335137484516424,3625793.5,8446.030441403389,0.5107719928186715,1.5733918658081327,19.67443270476179,2148.6050510141954,1224.4654541015625,2116.256591796875,1515.052978515625,3104.83154296875,176.8748779296875,172.47493629773183,173.10601576427698,132.33938755266445,45.950598298283545,42.46397491931885,96.25532929374715,36.84924446554987,0.9929986856734679,0.49648297549261,10.07421168457531
65,4128,2322,1,3569,4016526.0,5121745400.0,8713348929.0,7195306800377.666,11270018859317.082,21469439985888.0,1.0880353092989006e+16,1.6048019795899824e+16,2.805239749976641e+16,5.754278483740618e+16,664220995774.0957,159035189424.07812,2566923343768.5586,11141449443858.0,33111812573199.75,-14758964098412.5,-169705868185840.0,0.04117289778922348,0.009858073804812916,0.15911522390614016,0.0003445999716771569,0.0010241333259555549,-0.00045648805713522956,-0.005248925435148537,4016526.0,8954.616233706474,0.4974417282546902,1.5327922687416937,19.963807502543123,2261.41542748274,1275.548583984375,2166.509521484375,1601.9200439453125,3227.130615234375,175.24244689941406,167.6148217212841,167.19429953378202,122.52357129980169,42.88519935876961,40.50674060874396,94.88085082915684,36.08394232195597,0.9925059718758844,0.5802082568520062,9.71020398044008
66,4128,2322,2,3786,3934634.5,4896431548.166666,9098114445.833332,6701034709654.416,11515219783716.707,23706962985650.082,9864884022982206.0,1.6025430416219694e+16,3.039476464016174e+16,6.687402385553482e+16,607700778413.3271,193127578860.26953,2669256314425.3086,13323913841534.0,49854378892123.25,-362303494992.5,-288265621261208.0,0.039253736364154884,0.01247485495250157,0.17241755708850176,0.00043388119393024535,0.0016234627222623099,-1.1798085370563181e-05,-0.009387109028878035,3934634.5,9324.196966409683,0.4585095137420719,1.6685768398564085,22.09624529760097,2238.243114471541,1240.30126953125,2294.3408203125,1519.86865234375,3424.151611328125,174.91070556640625,166.93823874182908,168.02619252398694,127.7258852591324,52.60646006977346,48.51865941178186,97.48578632890168,37.87774303124271,0.9941199898835819,0.5856340894329877,9.757465737988522
67,4128,2322,4,8,21.5,47743.33333333333,54967.33333333333,106019845.75,122061563.79166666,140530629.75,235429972765.7,271052454598.65,312065125934.65,359283632065.7,37.48126617074013,-4.477067172527313,37.48126617074013,-4.160552978515625,3.830816728208447,3.830866796110058,-4.16058349609375,0.08108440491236371,-0.00968538057875027,0.08108440491236371,-0.0019411312741294342,0.0017872908228743726,0.0017873141823581118,-0.0019411455122909514,21.5,17.071067690849304,1.0,1.6744186046511629,13.554481493281813,5.232078956954491,2220.64794921875,2556.64794921875,5.372391700744629,5.877527713775635,45.0,170.3330371480413,171.65837733860144,137.10907871038066,48.26330601345784,44.59859238433126,93.976078263242,37.66968129909734,0.9933799034858292,0.5382372100987748,9.85721548380631
68,4128,2322,5,2729,3192280.0,3980271054.833333,7108801549.166666,5356594998321.166,8967707157030.75,17564408871885.832,7651561872730160.0,1.2210762667493814e+16,2.2420939185038856e+16,4.6747944375609304e+16,393823039112.0576,104149749565.72852,1734011956378.9258,-9340338507946.0,22590173397699.625,57027488652160.75,-88608421206384.0,0.038645520878556036,0.010220126609183727,0.1701571228920413,-0.0005129915051080855,0.0012407009705354848,0.0031320724844521174,-0.004866565309302699,3192280.0,8075.548132181168,0.46507237256135936,1.4713884746952022,20.428808762130746,2016.0697244557703,1246.412109375,2220.42138671875,1383.8485107421875,3029.8916015625,176.5172576904297,169.58084450053082,172.56173736721217,143.5057940269682,61.11025169347163,53.512522817813064,94.19023080602044,37.493514884868944,0.995130351377274,0.6160643858504098,9.564800609132945
69,4128,2322,2,40,7058.5,10230869.166666666,23057399.333333332,14832723793.083332,33419728860.458332,75324207502.25,21509855428278.35,48451113369509.336,109174108341273.58,246085015404503.56,3697242.7609272003,-577989.8527145386,4569616.466842651,852055.609375,-3584663.8621578217,-2043749.0333595276,3179584.21875,0.07420841046979006,-0.01160099863901215,0.0917180711108973,0.00020355739868959036,-0.0008563817231279835,-0.0004882547949073295,0.0007596075718085797,7058.5,331.01219260692596,0.8924731182795699,1.0935751221931005,15.52299662172482,94.80063990561005,1447.6634521484375,3267.6171875,94.35993957519531,121.52832794189453,55.00215148925781,170.24381578881477,174.12653215117948,150.21028268950852,70.94510159249819,62.61041121086844,95.12505880887842,35.57608544942134,0.9963802215596178,0.6173270983581385,9.443522047703203
70,4128,2322,9,47,755.5,486564.1666666666,2389780.833333333,313441157.5833333,1539114065.2083333,7559336659.25,201967839049.25,991502528664.2167,4868593378309.917,23911747132445.652,79558.26628798246,25091.433607578278,34963.19790267944,61363.41860961914,95897.26732113957,38515.08976564556,-14807.9765625,0.13938510711956564,0.043959884049208565,0.06125509406234614,0.0039113202355930505,0.006112516719406703,0.0024549618223590574,-0.0009438642710824247,755.5,114.81118202209473,1.4827586206896552,1.6505625413633356,17.447528149980897,31.015036289635635,643.9862060546875,3163.106201171875,23.119823455810547,43.183929443359375,114.21443939208984,176.60161440284705,176.43990234544532,166.1439922689275,69.93372989368383,70.42234765463112,88.22494741128926,39.38095395166967,0.9964021777892502,0.5618779769073176,9.695115637694418
71,4160,3120,1,7738,3755863.0,5723118798.166666,9414599927.666666,10048199892666.666,14369123076556.166,25314867744247.5,1.9362002391363388e+16,2.541273333313022e+16,3.873654860597143e+16,7.159047230407566e+16,1327410881478.3818,23319243123.57617,1715846214968.8242,5358650413120.0,154437282385314.5,45286930704053.5,-466832058876064.0,0.09409919076795678,0.001653084163967278,0.12163508870064774,0.00019601128213658214,0.005649080905878642,0.001656527048228121,-0.017076006708465343,3755863.0,16078.751358747482,0.9024683925346177,2.6516824495462163,68.83271441381754,2186.804357094535,1576.17431640625,2396.704833984375,2437.530517578125,2831.466552734375,173.6483917236328,150.7890795272436,158.20157205374753,145.9935378143491,66.82163113013303,57.57405722484244,77.96471458381737,43.27753289592508,0.9948567215877194,0.4439260993326736,9.508392410442722
72,4160,3120,2,206,20817.5,40988865.0,54094392.0,80761414994.08333,106481024203.45833,140601947594.75,159236140866200.4,209745354085678.16,276690753719805.38,365548921871473.8,55900211.41371155,-28774328.790023804,37362709.453308105,-141532727.09375,-330410930.0466919,411985395.67762756,-212042615.875,0.12899007751033836,-0.06639693852790557,0.08621467909504771,-0.0022635257610397067,-0.005284245327897748,0.006588861639546737,-0.003391186853577588,20817.5,611.7127624750137,1.188235294117647,1.6495736759937552,17.974901106031588,162.80560255262793,1963.6973876953125,2604.434814453125,113.33924865722656,232.21823120117188,55.3155517578125,139.8594129838511,146.4470673076923,138.327734375,63.99732251881905,55.28987571349851,71.03523198193624,28.819981429536973,0.9961684385286675,0.43117645963555434,9.235592300671966
73,4160,3120,1,6888,3920761.0,6438830964.5,9410778853.666666,12080935450550.332,15479422925444.25,24255553361034.5,2.4640898205576656e+16,2.9251009007489036e+16,4.004025632107292e+16,6.574101622621398e+16,1506828997898.92,24664453032.710938,1667397992059.0195,-148048552179140.0,172819248314735.5,88412414192096.5,-482524607475552.0,0.09802192568190883,0.001604466854253824,0.10846722639906156,-0.004863828359915394,0.005677618245637301,0.0029046066387449303,-0.01585234597469649,3920761.0,16522.40403485298,0.9829172141918529,2.322928635537846,69.62674722864416,2234.2936133497274,1636.236328125,2291.8779296875,2438.093505859375,2755.515380859375,173.33685302734375,142.21057245438857,148.85619144477317,136.86709558370316,65.77162922767796,55.865241849396874,76.49648961912341,38.728196716076006,0.9951567999772849,0.4352637020420975,9.397301015393811
74,4160,3120,2,5131,2607328.0,4127519279.1666665,6143254104.333333,7258136882909.5,9779944495303.25,15296326123377.666,1.3824767988998232e+16,1.7340347888759422e+16,2.4487549257333468e+16,3.968596111514015e+16,724085394223.5664,54892736393.13867,821902119029.7891,42285399971786.0,65298163046081.25,14095579486835.5,-227515582398880.0,0.1065119780685156,0.008074646970467097,0.12090068543702465,0.003852132984234435,0.005948559262713852,0.0012840849728125191,-0.020726309316473422,2607328.0,12460.907106757164,1.0426966292134832,2.8509186416131764,59.55300059034812,1822.0189668868002,1549.8138427734375,2230.89794921875,2063.003662109375,2420.358642578125,151.09335327148438,143.62630894045859,146.11841677453157,142.22909986748027,54.57771294424477,48.68054116504333,61.22205225770221,26.62621115080674,0.9953713370919013,0.43658944663688054,9.025884874121543
75,4160,3120,1,6119,3346991.5,5250519336.5,7931433694.666666,9198603814145.582,12385575488017.457,20139942675887.082,1.7466996866627482e+16,2.178085123081197e+16,3.1352086111567532e+16,5.365768798548218e+16,961967030646.0117,-56686758544.85742,1344663257671.1328,18760088631846.0,160585272061544.0,26657313132145.0,-441294604683376.0,0.08587187958089049,-0.0050602550279982336,0.12003401120934473,0.0009153735565318216,0.007835544623391328,0.0013007081154153852,-0.021532382905782542,3346991.5,13138.693026542664,0.8956725930895673,2.378037111836107,51.57624524762636,2064.3454007729565,1608.03076171875,2229.02197265625,2197.246826171875,2670.793212890625,14.001680374145508,148.0915053316075,151.90689757458088,143.57935743343197,59.94123987242553,52.71646930230938,69.13160567929053,32.35445677974539,0.9952903267672393,0.44159568599255283,9.134207330613087
76,4160,3120,1,5922,3724558.0,5707557338.0,8504418991.5,9913543336406.666,13149627577955.416,21063272492712.5,1.8786430130727996e+16,2.3105554631644904e+16,3.2847222411019724e+16,5.511672192646535e+16,1167214035974.871,117353944315.5625,1644822737604.4102,17491886947440.0,109930733389540.5,33694012856990.5,-489183006370080.0,0.08413971141427623,0.008459568428502902,0.11856857971561813,0.0006533558855949886,0.0041061259933618255,0.0012585366962167461,-0.018271933571564657,3724558.0,13137.161054253578,0.862544056392182,2.2557661875583626,46.33704202361649,2177.6718146359217,1518.903564453125,2140.217041015625,2275.38232421875,2722.3125,168.44320678710938,137.63721770216964,141.6182267782298,133.07825204943293,61.25243761034549,54.016297870586314,69.97327974517395,27.709804799195812,0.9961002469187049,0.43571930049974644,9.053408087548759
77,4160,3120,1,4824,2935381.5,4392650217.0,7358852979.166666,7188481728731.083,10945309329120.791,19530492805257.914,1.2553292032183422e+16,1.7903000784828892e+16,2.8949720528567276e+16,5.408098745788504e+16,615102449441.4414,-66842629937.18945,1082220521403.1211,-44847474263520.0,81893852268004.5,58466261877959.5,-307114593126272.0,0.07138687170746055,-0.0077575471407217616,0.12559913814477597,-0.003037921918502833,0.0055474055759250004,0.0039604446263422416,-0.02080362761274379,2935381.5,11320.420612931252,0.7079957731595632,1.9440028493740933,43.65767204490414,1933.2469590520552,1462.1214599609375,2451.05029296875,1727.0001220703125,2741.15283203125,179.42356872558594,140.21142998027614,145.20743189102564,138.4843333949704,55.23303444071866,47.4154803924117,63.4819776224814,25.783250167461926,0.9954380393962414,0.4334313698057584,8.718215120623597
78,4160,3120,1,7752,4288841.5,6847623764.0,9561032693.333332,12419956795264.416,15146392201465.125,23723236404845.082,2.4423511819367396e+16,2.756377082893595e+16,3.742736455843421e+16,6.28492846283003e+16,1486945814723.9785,-118885071954.80469,2409008270513.5117,-154519868787648.0,255824736382658.5,80573065815805.5,-777187118016144.0,0.0808379235893864,-0.006463196081146499,0.13096591992097611,-0.004056339897797763,0.0067157194293160395,0.0021151437942630662,-0.020402134298960466,4288841.5,16763.469180464745,0.8812758417011223,2.3558399162104733,65.52209937447941,2336.8189058849366,1596.1300048828125,2074.630615234375,2422.34765625,3096.728759765625,176.0170440673828,133.20036157852564,142.33213672645462,128.59231924926036,65.44517638406123,55.48385197927527,75.90795814516686,41.17277392045443,0.9947617584162598,0.41311348758063887,9.508422187634896
79,4160,3120,1,5318,3325968.0,5020246460.666666,8248708130.0,8604185523794.0,12458167072694.25,21782524465520.0,1.6005923440539018e+16,2.153312341017789e+16,3.300756497035008e+16,6.015657807101411e+16,1026579688188.791,7491722027.962891,1324965699492.1562,-80370238531354.0,171331695964693.0,91663371413668.0,-438171284783328.0,0.09280182868898082,0.0006772445551217827,0.11977564068112963,-0.003983823518758552,0.008492636731775477,0.004543605960607056,-0.02171944617140189,3325968.0,12662.210712432861,0.9971939670291126,2.437002701168502,48.20598999330406,2057.851788181967,1496.6627197265625,2315.61083984375,2284.248779296875,2600.675537109375,161.18873596191406,149.7635425912229,156.36038877588757,147.08955983419625,64.4506607623728,54.50101293564487,73.25301085235773,32.74022171095176,0.9956552268710785,0.4490822887647503,9.136462457352245
80,4160,3120,1,5821,3374780.0,5070141602.333333,8145308361.666666,8703864952952.333,12350098653244.25,21002429275414.0,1.6470358000344778e+16,2.1483916196660536e+16,3.202033983714595e+16,5.673842817027632e+16,1086676316148.9805,112895994605.84375,1343059388595.629,128838435629678.0,137202829248185.0,-77881616419414.25,-435825715496440.0,0.09541337726386478,0.009912600435684685,0.11792456523390527,0.00615788786623521,0.00655766761922652,-0.003722385004195309,-0.020830475565248172,3374780.0,14827.989500761032,0.9848901098901099,2.4747142035925305,65.15069801133093,2072.8973324266044,1483.5252685546875,2271.303466796875,2227.76904296875,2734.330810546875,161.89138793945312,150.3642072700937,158.29201745870316,150.4724393645217,67.4176016199741,58.40358431591503,75.8052682134532,45.97276710481633,0.9945728246760134,0.3798820164710073,9.861721539406396
81,4160,3120,1,5290,3280237.0,5190698672.833333,8162787915.666666,8989207645006.0,12865123331558.75,21683750535169.164,1.661192688414956e+16,2.232932646617539e+16,3.4136271078900024e+16,6.033011969627863e+16,775364342783.1045,-51800781080.3457,1370856510696.6172,-66634306047670.0,123848311742520.75,81372745242377.0,-452036822919240.0,0.07206018602423597,-0.004814219219124727,0.12740355691203936,-0.003419281225615952,0.00635516796501913,0.004175571362370608,-0.02319587482143346,3280237.0,12099.270454883575,0.7223513782796414,1.9964792178126154,44.62858797715488,2043.655417261784,1533.8826904296875,2415.773681640625,1857.990966796875,2900.38623046875,177.81118774414062,137.48658492048816,143.9615270586785,135.64563154893983,58.861313338893744,50.41944049837645,67.93616667990106,25.830950131750136,0.9959569806526863,0.43795853347793584,9.049702422571947
82,4160,3120,2,5799,4096054.5,6669688264.333333,9178514462.333332,12285515261364.25,15131563401292.041,22532407585199.582,2.4699976697414864e+16,2.8271121489497652e+16,3.752838883765208e+16,5.87053032423117e+16,1425127162674.209,186002937328.8789,1965023109416.3281,54097404512180.0,135767645910726.5,4816888401839.5,-592251257790192.0,0.08494193785813844,0.011086343982366915,0.11712138763578168,0.0015931699737986543,0.003998360713028239,0.00014185748906348834,-0.01744181498843219,4096054.5,13624.021005749702,0.8702384639207185,2.215178045116343,45.31530241238468,2283.694061556936,1605.941162109375,2117.38134765625,2363.897705078125,2828.3671875,162.8772735595703,134.27528422398916,141.10328402366864,130.50374252650394,63.49384057289333,55.37868135418672,72.70367277683798,31.435322669787393,0.9958236525157428,0.439834997585349,9.148427096903987
83,4160,3120,1,5099,3191703.5,4829278731.0,7935465993.666666,8394538123479.416,12071640862937.541,20929539887483.082,1.608855064861641e+16,2.1158257174739524e+16,3.1971770932333628e+16,5.76395874322607e+16,1087489376097.6582,64705649880.24609,1199755922073.9844,96105534387736.0,91283049826695.0,-17892517508682.25,-362948417591472.0,0.10675296428549155,0.006351804516493158,0.1177735653474278,0.005280706719734563,0.0050157258652026825,-0.000983139400274995,-0.01994291129956916,3191703.5,13560.232135772705,1.0719524973803702,2.7529333473488373,57.61183505173421,2015.8876732768683,1481.4326171875,2369.860595703125,2253.56884765625,2654.574462890625,149.6957244873047,140.10243728427022,143.30016865446254,138.30503305288462,61.252595105191595,55.63101512090673,67.96649646914597,27.28526283436838,0.9962524988359767,0.45479863647037244,9.400942620291863
84,4160,3120,1,5520,2799896.5,4133841805.833333,6128641435.0,6833408959783.75,9129884080490.041,14409130090991.916,1.2305818935257414e+16,1.5293063970402852e+16,2.1589469949410576e+16,3.5576270641580828e+16,730094756685.3877,81394546335.6914,994260706070.4141,60929136966056.0,95195888475689.5,-40879720423767.25,-316244113442932.0,0.09313121614038493,0.010382725006617717,0.12682834367599385,0.004644832769131394,0.007257102337175649,-0.003116398401031465,-0.024108351017395346,2799896.5,13554.879757642746,0.970354302241504,2.6515065824754593,65.62198468556001,1888.1045905790218,1436.1951904296875,2033.1820068359375,2019.2081298828125,2571.709228515625,159.70791625976562,152.1469433401134,156.0124244175296,149.07914386094674,58.97978583867966,51.37625365252356,66.63869482342251,31.701107193088365,0.9951895234536697,0.4521386400912215,9.489345711581423
85,4160,3120,1,6894,3400964.0,5440703371.333333,8417996404.333333,9791976024616.332,13473635058599.416,22252334487366.664,1.914673733065609e+16,2.4388870330129176e+16,3.5635074836370844e+16,6.170274304276525e+16,1088192869358.6182,6917558229.451172,1416282278825.5195,311142344216.0,129839146235655.5,2584981712764.0,-386885063860896.0,0.09408097424975288,0.0005980655047296443,0.12244632395275654,1.4586598610512495e-05,0.0060869616279433745,0.00012118598243068902,-0.018137477073913437,3400964.0,15151.374605298042,0.9153251770766259,2.596427953956584,67.49973020298668,2080.9233179097873,1652.9844970703125,2388.111083984375,2303.615234375,2738.32861328125,0.0,140.5170695420365,144.4287871363412,137.66198640902365,61.96473784337028,55.232586093252614,70.70980159491077,31.8450896744709,0.9957010823855119,0.4445070950581711,9.616199794823121
86,4160,3120,2,120,13383.5,24978291.5,29757335.333333332,46638111611.25,55527403973.45833,66179211223.08333,87117194032157.5,103658710016831.4,123468313693974.73,147215019293040.47,19884222.377716064,-10190543.614906311,15725876.16747284,-54418616.953125,-37081571.859191895,77259328.2229538,-51563001.625,0.11101181543514553,-0.056892883486838165,0.08779614457620893,-0.0026261724549832637,-0.0017895089595528588,0.00372843580064526,-0.002488364132452582,13383.5,472.37466979026794,1.1119402985074627,1.491836963425113,16.67260646762541,130.53888863845535,1864.57373046875,2226.74169921875,94.30024719238281,180.46347045898438,50.158042907714844,142.21874560835798,145.76762404462525,141.21968226084812,55.68295950087966,49.97498000846849,61.16408912260413,23.45458822943337,0.9960555834275853,0.4638510682198106,9.345059956653849
